id,real,predicted,class,proba
15740,1,1,TP,0.4328455434458241
38794,1,1,TP,0.8528934409571112
60792,1,0,FN,0.31670410308728875
71824,1,0,FN,0.28884296777331725
4796,1,1,TP,0.7451723254584763
75310,1,1,TP,0.9658225254128362
63425,1,1,TP,0.7063735151826479
72360,1,1,TP,0.8226259234586443
17203,1,1,TP,0.715820315054186
76803,1,1,TP,0.4295597818375345
96013,1,1,TP,0.4263803156434459
78093,1,1,TP,0.7245204608691352
8179,1,1,TP,0.3637182039143068
60425,1,1,TP,0.8017429056796909
68439,1,1,TP,0.9013511293233546
93602,1,1,TP,0.858115211663595
30941,1,1,TP,0.580816971392328
13782,1,0,FN,0.0898463551335189
38902,1,0,FN,0.03151727039044381
42698,1,1,TP,0.5923419016448258
71840,1,0,FN,0.19214335756338272
24890,1,1,TP,0.8535644597433593
74863,1,1,TP,0.6440813736861198
9257,1,1,TP,0.4996673115247385
50921,1,0,FN,0.16340277164301448
3218,1,0,FN,0.2608744362054805
20396,1,0,FN,0.07918020895782056
74895,1,1,TP,0.6038660746733073
32489,1,0,FN,0.219277620044936
2937,1,0,FN,0.2769413724415154
51379,1,1,TP,0.6768284134716862
54701,1,1,TP,0.914805595888533
32198,1,1,TP,0.6572095809397241
86423,1,1,TP,0.4514773281101998
52809,1,1,TP,0.658465453067891
60158,1,1,TP,0.3568874807253684
60589,1,1,TP,0.9509536912850867
43186,1,0,FN,0.15076761829943627
50498,1,1,TP,0.5047548113009237
21658,1,1,TP,0.3601012496592004
96371,1,0,FN,0.28667187111861286
49873,1,1,TP,0.6021277755793067
6738,1,0,FN,0.25370384991779577
19870,1,1,TP,0.6498188296075784
59604,1,1,TP,0.7787891171330614
49306,1,0,FN,0.26110725039966465
8679,1,0,FN,0.1463469101290935
10536,1,1,TP,0.8369569702909535
34571,1,0,FN,0.12304178890029352
40596,1,1,TP,0.3893976263380703
8245,1,1,TP,0.38299093259853584
4567,1,1,TP,0.6473833566026053
60837,1,1,TP,0.4089970990507822
4851,1,0,FN,0.1760697257485427
59482,1,0,FN,0.12072391244941752
74308,1,1,TP,0.7550945520370976
12945,1,0,FN,0.30178293027616865
86302,1,1,TP,0.9080895731822902
70341,1,0,FN,0.11681937467658973
42609,1,0,FN,0.20812976340331243
73964,1,1,TP,0.3932747010295184
59120,1,1,TP,0.7311642983022562
24560,1,1,TP,0.6439286818808585
67209,1,0,FN,0.30714541294842623
64019,1,1,TP,0.6847727157688484
8612,1,1,TP,0.3599960586754636
43925,1,0,FN,0.09433825711637835
49713,1,0,FN,0.31974954540795825
28069,1,0,FN,0.2974866154336821
78259,1,0,FN,0.09814272565886395
60278,1,0,FN,0.26719518395257685
62038,1,0,FN,0.09449524023491021
60534,1,1,TP,0.6910517998143726
79160,1,1,TP,0.8247998700524194
17094,1,0,FN,0.29359262291858934
32698,1,1,TP,0.7333548035563794
38601,1,0,FN,0.14350833592610232
49580,1,1,TP,0.7350911825631882
52804,1,1,TP,0.68048883097951
32904,1,0,FN,0.2050537483410807
12804,1,1,TP,0.7687172306930308
38125,1,0,FN,0.2673749060795483
28164,1,0,FN,0.24647643522019544
93756,1,1,TP,0.4070307082081445
27103,1,0,FN,0.26322028994561286
31482,1,0,FN,0.14102975316416644
68759,1,1,TP,0.8945869596553475
69743,1,0,FN,0.16416928604132497
36047,1,1,TP,0.37187929653523194
52179,1,1,TP,0.6185231326341827
18953,1,0,FN,0.3060182926346823
8673,1,0,FN,0.29829808661010304
36927,1,1,TP,0.8525874782175686
72398,1,1,TP,0.9959154650076198
86259,1,0,FN,0.13044897313053663
3742,1,1,TP,0.899816413933597
23765,1,1,TP,0.6739376453771606
35079,1,1,TP,0.6315495014928955
70394,1,1,TP,0.8589680727516629
30519,1,1,TP,0.7298395558645207
69514,1,1,TP,0.7835352388188553
41082,1,1,TP,0.7802385900572197
51389,1,1,TP,0.910702206326828
58317,1,1,TP,0.6389228012890409
38569,1,0,FN,0.2510205019381134
34568,1,1,TP,0.8183513873978386
79132,1,1,TP,0.5580727308026594
76019,1,1,TP,0.7245938487791831
67015,1,1,TP,0.8266151376371862
34218,1,1,TP,0.9441800054657239
48016,1,1,TP,0.4823094980491704
29348,1,1,TP,0.5313364740224037
89701,1,1,TP,0.7609264568492482
25896,1,1,TP,0.8310202532143874
68457,1,1,TP,0.40902449963003357
3485,1,1,TP,0.46172564735525234
36752,1,1,TP,0.526815006377697
51670,1,1,TP,0.860662067714662
45367,1,0,FN,0.3503035418829123
30894,1,0,FN,0.33815273523130646
53021,1,1,TP,0.9297801493809098
54738,1,1,TP,0.6478540196017536
41627,1,0,FN,0.14160644936407435
21654,1,1,TP,0.38519738022614797
32149,1,1,TP,0.35610683508344143
57846,1,0,FN,0.3025311755614927
68510,1,1,TP,0.7334726721126664
29035,1,1,TP,0.7482242853808174
76598,1,0,FN,0.22688216204639838
78263,1,1,TP,0.9827106326194048
56243,1,1,TP,0.5496575664423328
63582,1,1,TP,0.4300795327825363
60182,1,1,TP,0.8514329322831435
67518,1,1,TP,0.5599887291768944
34762,1,0,FN,0.23819880923297007
58412,1,1,TP,0.5414021626807461
36104,1,1,TP,0.7473267634566378
61759,1,1,TP,0.504971184562082
47026,1,1,TP,0.3774551089208449
79142,1,1,TP,0.6338785294687777
51368,1,1,TP,0.5745002956656154
15392,1,1,TP,0.5152248679342201
86930,1,1,TP,0.46400216167680214
28364,1,1,TP,0.5192947555217329
96451,1,1,TP,0.9497613508991547
91570,1,0,FN,0.04362898890982125
17340,1,1,TP,0.757330865907923
1762,1,0,FN,0.2581083008300094
30915,1,0,FN,0.19049129565223938
92864,1,1,TP,0.478281347554517
92108,1,1,TP,0.5584285176386568
96057,1,1,TP,0.5082102784547412
27096,1,1,TP,0.6095578622695788
46802,1,0,FN,0.1712086194027247
23879,1,1,TP,0.46667610169081764
4687,1,1,TP,0.469983195362993
82574,1,1,TP,0.9610272645746674
86320,1,1,TP,0.4434158877092167
74365,1,1,TP,0.79791906235343
49127,1,0,FN,0.1646634273103254
70653,1,1,TP,0.5906672741074045
4638,1,0,FN,0.15252385804637922
98310,1,1,TP,0.5321768294764638
37824,1,1,TP,0.9368796401441943
1562,1,1,TP,0.9024660308786111
15324,1,0,FN,0.15802443703103522
8697,1,1,TP,0.9486651671154126
85796,1,1,TP,0.4689220763452437
95203,1,1,TP,0.3689518139380317
75014,1,0,FN,0.130279016000005
69875,1,0,FN,0.05037452148372538
6453,1,0,FN,0.30210435206272457
95213,1,1,TP,0.8429161074919216
8269,1,1,TP,0.7135347495023535
25641,1,1,TP,0.7558958055251818
54982,1,0,FN,0.25342138825026234
32809,1,1,TP,0.8643802409339228
72481,1,1,TP,0.8125553833300649
2567,1,1,TP,0.5538218144232114
24517,1,1,TP,0.9070965822298147
81239,1,1,TP,0.9543591750186625
91625,1,1,TP,0.8631373864925719
29637,1,1,TP,0.9479972350043869
90451,1,1,TP,0.5051877400431475
12493,1,0,FN,0.31358941128320156
48629,1,0,FN,0.055944270442925416
46035,1,0,FN,0.2695628288601012
58437,1,1,TP,0.6520592693988159
91487,1,1,TP,0.40148004386575054
98015,1,1,TP,0.7045361076458866
31672,1,1,TP,0.6091448576898041
63951,1,1,TP,0.5125161502541504
54721,1,0,FN,0.34490057469863855
16735,1,0,FN,0.2641805040928073
29071,1,1,TP,0.9141659496558227
71543,1,0,FN,0.11007108763034078
38579,1,1,TP,0.7240944572180684
81439,1,0,FN,0.1578818019827965
10746,1,0,FN,0.20039948922624445
28053,1,1,TP,0.8627082340921407
20148,1,0,FN,0.08309827151499696
3985,1,1,TP,0.8502665144542801
47593,1,1,TP,0.779121759509824
75492,1,0,FN,0.2725636276068834
37496,1,1,TP,0.7663139222427366
29716,1,0,FN,0.2589376339165859
71983,1,1,TP,0.9590474138328005
19284,1,0,FN,0.19852636427700832
97401,1,0,FN,0.13705057493032546
52798,1,0,FN,0.27701726357947143
5819,1,1,TP,0.4835734718241288
54236,1,1,TP,0.48902576458943925
78023,1,1,TP,0.851919498829024
12630,1,1,TP,0.35925404986635484
78169,1,1,TP,0.7917771123706803
38097,1,1,TP,0.7053472554002834
51926,1,0,FN,0.15634231020036707
67490,1,1,TP,0.4240276884131645
42895,1,1,TP,0.5006697057164061
75084,1,1,TP,0.9494146028381664
18654,1,1,TP,0.37230325808387604
35627,1,1,TP,0.5386392273084817
12765,1,0,FN,0.19400322047923477
47280,1,0,FN,0.3310843702046073
61748,1,0,FN,0.1124638062822619
19682,1,1,TP,0.41235984098974393
53196,1,1,TP,0.7547286409767721
30624,1,1,TP,0.9174577714919411
8129,1,1,TP,0.6033938824919105
74619,1,0,FN,0.22238327191637214
20198,1,1,TP,0.46991401601755867
95876,1,1,TP,0.7137607781815031
96753,1,1,TP,0.8457155899456099
36792,1,0,FN,0.1206606411953958
12638,1,0,FN,0.32445898437550047
7284,1,1,TP,0.6209631789990331
95421,1,1,TP,0.4786074853840556
6594,1,1,TP,0.8692014435813676
45913,1,0,FN,0.11981620547828713
9174,1,1,TP,0.7479096106535158
54968,1,1,TP,0.40060214255646087
42530,1,1,TP,0.37554332083365166
64370,1,0,FN,0.0718773353262312
42867,1,0,FN,0.26501072056460523
3612,1,0,FN,0.3434424510069193
27805,1,1,TP,0.861317614791573
14896,1,1,TP,0.676790350890134
14579,1,1,TP,0.426454278377763
9237,1,0,FN,0.2289835686082152
30495,1,0,FN,0.12832989286183144
25316,1,1,TP,0.4589721312379503
20836,1,1,TP,0.7665075067305227
89371,1,0,FN,0.14770967011104916
31587,1,1,TP,0.9591224508450407
41738,1,0,FN,0.14772893962172537
73612,1,0,FN,0.31184469143458293
95027,1,0,FN,0.11950655612071504
60857,1,1,TP,0.5574945712313524
6432,1,0,FN,0.1346567539678715
40586,1,0,FN,0.30133066894376065
96408,1,1,TP,0.7083054312555307
8769,1,1,TP,0.6896772528457621
32657,1,1,TP,0.6052231898883736
93045,1,1,TP,0.8076768549476622
62754,1,1,TP,0.855981376078977
79625,1,1,TP,0.9655038587153423
83124,1,0,FN,0.09941347001385
83567,1,1,TP,0.6939555238779079
43627,1,1,TP,0.8300393085865445
65891,1,1,TP,0.7591545560708086
14890,1,1,TP,0.46872739459440677
36271,1,1,TP,0.5906672741074045
67324,1,0,FN,0.2777213848321552
71250,1,1,TP,0.5380496180083428
84903,1,1,TP,0.48933346414539886
60435,1,1,TP,0.751983581513149
90187,1,1,TP,0.5906672741074045
98315,1,1,TP,0.6837637724592563
73129,1,0,FN,0.10324090700047908
93810,1,1,TP,0.5435731811984776
7425,1,1,TP,0.6776501437863827
80634,1,1,TP,0.5436303964500772
20958,1,1,TP,0.8578049074913524
86502,1,1,TP,0.6030254004224644
7328,1,1,TP,0.7569367220416288
6731,1,0,FN,0.278196542950892
86521,1,1,TP,0.9078849958341317
12930,1,0,FN,0.031301190425551836
75431,1,0,FN,0.19992457795799437
63479,1,0,FN,0.25132602234761264
95438,1,1,TP,0.8534459645989074
52193,1,0,FN,0.3448325000857547
8153,1,1,TP,0.5329623965355244
26093,1,1,TP,0.6233801641465905
49205,1,0,FN,0.2486547802896144
80324,1,1,TP,0.9509789235034399
34082,1,1,TP,0.8560068107478812
2183,1,1,TP,0.6900423695946831
34682,1,1,TP,0.5158684841304956
38946,1,0,FN,0.18234084623507554
53067,1,1,TP,0.6223981101401632
10965,1,1,TP,0.7601372762641996
78643,1,0,FN,0.2169065561419391
15749,1,1,TP,0.8477313146714236
48965,1,1,TP,0.36983721437593076
75981,1,0,FN,0.1322185370701297
75128,1,1,TP,0.8750343626327323
65430,1,1,TP,0.627960721731081
27961,1,1,TP,0.5286094989525555
82193,1,1,TP,0.8408716775735624
4519,1,1,TP,0.7726444003118317
59420,1,1,TP,1.0
59063,1,1,TP,0.8204536533268791
15632,1,1,TP,0.49224220746947206
25739,1,1,TP,0.3984500067879121
26590,1,1,TP,0.6409658607859293
31427,1,1,TP,0.6698815929731388
78502,1,1,TP,0.5508095461719915
61983,1,1,TP,0.3989619896762539
63075,1,0,FN,0.33395252972310197
31509,1,0,FN,0.25001983333581723
65107,1,1,TP,0.5065660164018276
71023,1,1,TP,0.7547131359779709
43256,1,1,TP,0.4442304964556127
57129,1,1,TP,0.7339935315643829
39751,1,0,FN,0.3063284178201293
97642,1,1,TP,0.912749371670628
86035,1,1,TP,0.9124815899191228
79256,1,1,TP,0.7905736536542842
78146,1,1,TP,0.8831830076042165
58369,1,0,FN,0.3033343249457134
53961,1,0,FN,0.23291738093903078
7934,1,1,TP,0.4138680496365676
32795,1,0,FN,0.1564896219620339
31850,1,1,TP,0.6069228312331554
74069,1,1,TP,0.5707685267816148
59763,1,0,FN,0.06844273489618907
60714,1,0,FN,0.2064182940121921
84135,1,0,FN,0.27026849778019807
52678,1,1,TP,0.7465496833734373
1834,1,0,FN,0.1845934076139891
4957,1,1,TP,0.688533315693794
28967,1,1,TP,0.3824688635233742
65927,1,1,TP,0.5618702679235342
59874,1,0,FN,0.1604224780264555
12394,1,1,TP,0.40264313198780294
62594,1,0,FN,0.1799009201267168
97185,1,1,TP,0.5707351743393968
45798,1,0,FN,0.17328400417592577
2564,1,1,TP,0.7839992515771659
67410,1,1,TP,0.40475574446503265
20314,1,0,FN,0.07011671131524576
97852,1,0,FN,0.05877891074860423
38169,1,1,TP,0.8970001270047799
54012,1,1,TP,0.9144448746161146
62415,1,1,TP,0.9280480137365527
38056,1,1,TP,0.73383673211338
65802,1,0,FN,0.3185797724792863
51738,1,1,TP,0.4339627836692937
58760,1,1,TP,0.387470373075405
43861,1,1,TP,0.6839115840379757
81329,1,0,FN,0.27410753441225216
50416,1,1,TP,0.739916086329994
71843,1,0,FN,0.29568972934047866
48957,1,1,TP,0.8575075183637633
98735,1,1,TP,0.5067948683665476
72390,1,1,TP,0.8555148546194654
17263,1,1,TP,0.6680581715084672
20341,1,1,TP,0.6766170228236779
32964,1,0,FN,0.07608703103632113
97241,1,1,TP,0.7031728476459985
98602,1,1,TP,0.7821163000782358
50863,1,1,TP,0.6744366329152888
69375,1,1,TP,0.7908515693640381
95237,1,1,TP,0.746581306573369
59127,1,1,TP,0.3713165057473459
15387,1,1,TP,0.4692827105345964
1368,1,1,TP,0.9226101760903962
39610,1,1,TP,0.7539004472990384
68045,1,1,TP,0.6423878321128222
1758,1,0,FN,0.05315505932222208
97012,1,1,TP,0.43474409497130834
78495,1,0,FN,0.3325496339734959
76984,1,1,TP,0.7452591234536019
2879,1,1,TP,0.6638295106219747
56810,1,1,TP,0.8952260820379033
87549,1,1,TP,0.8454917422774717
23056,1,0,FN,0.22018228548309712
53764,1,1,TP,0.5397936610018823
31928,1,0,FN,0.30170734030203894
28097,1,0,FN,0.2908649674920635
76548,1,1,TP,0.6474334472075968
30428,1,1,TP,0.6050594643013545
46093,1,0,FN,0.2653401087807387
12396,1,1,TP,0.8894058701300329
58613,1,1,TP,0.7393339750250628
49510,1,1,TP,0.6390989342831855
16798,1,0,FN,0.1873653798526554
53691,1,1,TP,0.6634964601736373
37095,1,1,TP,0.5108575318353252
5962,1,1,TP,0.4758198567519339
4763,1,0,FN,0.23788994129057592
30594,1,1,TP,0.9007190135840715
61835,1,1,TP,0.8392848925962575
36708,1,1,TP,0.584327982188684
91403,1,1,TP,0.6557250137930368
50678,1,1,TP,0.8198880997537908
34902,1,1,TP,0.782997554501326
13649,1,1,TP,0.41504931254002764
48536,1,0,FN,0.08627961111338388
94025,1,1,TP,0.8446640198294981
75416,1,0,FN,0.29232753974657866
37854,1,1,TP,0.5561048533459865
31705,1,1,TP,0.4480715767912009
15023,1,1,TP,0.7408707106563627
61938,1,0,FN,0.30436797727520637
62513,1,1,TP,0.5823307712962823
86301,1,1,TP,0.8234803699678266
69731,1,1,TP,0.7378068881657496
75418,1,0,FN,0.14078017185488892
98365,1,0,FN,0.16526959252855242
21683,1,1,TP,0.6768970292078001
57240,1,1,TP,0.7141170090698561
42659,1,1,TP,0.7122337436791211
84793,1,0,FN,0.21567539232256908
8419,1,1,TP,0.7643565167843703
92315,1,0,FN,0.0875107638004865
98401,1,1,TP,0.4662095439940907
84730,1,1,TP,0.6089846073418402
62107,1,1,TP,0.5998365099767763
98613,1,1,TP,0.39052092173751246
26705,1,1,TP,0.494036659271971
79150,1,0,FN,0.09920181304288195
85267,1,1,TP,0.6288305250433512
50794,1,1,TP,0.6932089121405138
72193,1,1,TP,0.8713328553349268
15302,1,1,TP,0.8251062771533411
50627,1,0,FN,0.13005528531088262
34208,1,1,TP,0.4705282421318614
48063,1,1,TP,0.8313980327787827
12378,1,1,TP,0.7764296808592982
87432,1,1,TP,0.649848416758447
70893,1,1,TP,0.6228622315888556
53872,1,1,TP,0.5425384675355278
65803,1,1,TP,0.6446294646316695
45682,1,1,TP,0.9171561728482617
75608,1,1,TP,0.8641688303246375
9461,1,1,TP,0.8631842280981167
38261,1,0,FN,0.10836133364380364
17534,1,1,TP,0.7700736770894805
59836,1,1,TP,0.860657237581605
8514,1,0,FN,0.22985152600703782
64219,1,1,TP,0.3694788333068339
47652,1,1,TP,0.8791254666547451
32856,1,0,FN,0.06216048283999358
5827,1,0,FN,0.23022433803224163
41027,1,1,TP,0.7321520245802017
9316,1,1,TP,0.8529537118104573
61479,1,1,TP,0.5308866703745849
26084,1,1,TP,0.8091887163130705
59628,1,1,TP,0.8995160319268155
29607,1,1,TP,0.9423758362392063
7315,1,0,FN,0.2271370240558646
19820,1,1,TP,0.5165100015717492
1278,1,0,FN,0.0492239717316812
73851,1,0,FN,0.21682241348029965
98706,1,1,TP,0.9022387956281569
16382,1,1,TP,0.8919511239390385
82436,1,0,FN,0.2705180035968843
37890,1,1,TP,0.9387315643156737
25460,1,1,TP,0.5408923272087075
94217,1,0,FN,0.30963741295427194
80314,1,0,FN,0.09512971794450768
28571,1,1,TP,0.9137464121762361
9436,1,1,TP,0.6925992612066739
62174,1,1,TP,0.6728538648377868
37264,1,0,FN,0.29830997545669397
43795,1,0,FN,0.09512666208373954
54260,1,1,TP,0.6208652070918794
78594,1,1,TP,0.5709046244975154
3562,1,1,TP,0.6641552113315196
38726,1,0,FN,0.12145257247542367
29847,1,0,FN,0.1021223932673621
59076,1,0,FN,0.13401611965045176
68957,1,0,FN,0.22811408313468393
79432,1,1,TP,0.7887961882659906
69820,1,0,FN,0.2268265687277294
80429,1,1,TP,0.5620336022298347
96725,1,1,TP,0.9171844537629583
89473,1,1,TP,0.5694419226199143
93185,1,1,TP,0.4022001309712328
14796,1,1,TP,0.4215534649716406
43897,1,0,FN,0.2571984701720033
23150,1,1,TP,0.42392406096156654
40231,1,0,FN,0.1909840350813843
14876,1,1,TP,0.8389051881251214
83617,1,0,FN,0.22375377263325338
91748,1,1,TP,0.5875906150755259
96124,1,0,FN,0.175613761529889
21036,1,0,FN,0.3532852457661867
68541,1,1,TP,0.9268872867427234
95608,1,1,TP,0.38856706591056045
79810,1,1,TP,0.505035184879551
83421,1,1,TP,0.8134235202619796
56178,1,1,TP,0.8951752862671418
67018,1,1,TP,0.48918468315187813
48769,1,1,TP,0.831472851459935
36852,1,1,TP,0.9080186441891507
37201,1,1,TP,0.6175891654491034
36970,1,1,TP,0.8298283201554677
6831,1,1,TP,0.8908952466198766
96241,1,1,TP,0.851895525413202
48302,1,1,TP,0.5751831932293874
4925,1,1,TP,0.35838363632389725
4371,1,1,TP,0.9660791091094366
70645,1,0,FN,0.255656518318964
71420,1,1,TP,0.9807393102346794
24601,1,0,FN,0.14913311506711477
47063,1,1,TP,0.7297639248965254
43596,1,1,TP,0.6614826360029403
58976,1,0,FN,0.3521508242197672
59814,1,0,FN,0.29079116764197527
86923,1,1,TP,0.9036373997457678
35704,1,1,TP,0.8390012260783274
74103,1,1,TP,0.9429909468926889
86572,1,1,TP,0.8154923766723419
6154,1,0,FN,0.24121554935663903
51024,1,1,TP,0.9682629709668614
18704,1,1,TP,0.7854101960436036
34016,1,1,TP,0.9229414449093659
85071,1,1,TP,0.3994969888385731
76945,1,1,TP,0.5056636477288918
70698,1,1,TP,0.5632063397579533
71563,1,0,FN,0.24684349027379981
29857,1,1,TP,0.8648340701582291
63017,1,1,TP,0.7539692457143611
94012,1,1,TP,0.4269455686424568
4897,1,1,TP,0.3690957231677483
54187,1,1,TP,0.38169885741256837
62143,1,1,TP,0.3684499463934452
9632,1,1,TP,0.5549541421459349
47590,1,0,FN,0.1143957634009255
56312,1,1,TP,0.812582155793215
93517,1,1,TP,0.5873563809126143
94051,1,1,TP,0.48839993685081906
96145,1,1,TP,0.7418056966753684
63287,1,1,TP,0.9391262715466884
70234,1,1,TP,0.7076727328894697
4932,1,1,TP,0.5742039941327789
18043,1,0,FN,0.30622996939453717
16745,1,1,TP,0.6627796797899181
30427,1,0,FN,0.2182019273471102
67539,1,1,TP,0.43244717819014905
30497,1,1,TP,0.37503111952313195
78036,1,0,FN,0.1928572010181349
30246,1,1,TP,0.4842913362117934
98341,1,0,FN,0.31146459847796193
74910,1,1,TP,0.9405812225925989
38952,1,1,TP,0.6350735433140067
49603,1,0,FN,0.25531457060493584
81642,1,1,TP,0.9541957788019878
14056,1,1,TP,0.9353438182918953
48160,1,1,TP,0.7224034860498919
37269,1,1,TP,0.7759767528201814
35726,1,1,TP,0.7125263197148495
20634,1,1,TP,0.6129414524740799
20859,1,0,FN,0.10746163095424109
92843,1,0,FN,0.09610340851162531
3692,1,1,TP,0.6249017512040178
50638,1,1,TP,0.40273614887538645
27369,1,1,TP,0.3942072544471271
93478,1,1,TP,0.7058562404382587
37942,1,0,FN,0.24150107211746386
4632,1,1,TP,0.7591768234443245
40327,1,0,FN,0.32156668604888633
81056,1,1,TP,0.41172167242381913
87206,1,1,TP,0.6432630674841893
45893,1,1,TP,0.9179068997590633
82039,1,1,TP,0.5625807282830914
35972,1,1,TP,0.4289594753764838
97062,1,1,TP,0.42518638180312024
97406,1,1,TP,0.8596833128136286
23516,1,1,TP,0.6379020780414522
84619,1,0,FN,0.0965988976371001
14750,1,1,TP,0.4849644400116654
85219,1,0,FN,0.12089512069525002
60217,1,0,FN,0.2568573769731892
9216,1,1,TP,0.6260943554527488
4739,1,1,TP,0.8410174221019454
81549,1,1,TP,0.6080921865829142
23105,1,1,TP,0.8778787567723907
75028,1,1,TP,0.6974852279029801
26981,1,0,FN,0.30653324234574664
37458,1,0,FN,0.1413207816424068
70964,1,1,TP,0.6649539674444065
94163,1,1,TP,0.907936987975241
40876,1,1,TP,0.5717815051478381
12089,1,1,TP,0.9582069128162708
5431,1,0,FN,0.29389098986466045
85642,1,1,TP,0.7048585695856193
70325,1,1,TP,0.5906672741074045
45196,1,0,FN,0.2465678653470967
80157,1,1,TP,0.5089100320765374
70641,1,1,TP,0.48293510517498134
34502,1,1,TP,0.4151392372443656
83520,1,0,FN,0.18628360967496438
67234,1,1,TP,0.7170976208866939
13574,1,1,TP,0.4759345429455221
42571,1,0,FN,0.1460387982535855
51467,1,1,TP,0.4042800291879192
9786,1,1,TP,0.4725371842312113
58063,1,1,TP,0.8924432174335566
89403,1,1,TP,0.40738658029982755
52896,1,0,FN,0.24873905384699035
60784,1,0,FN,0.13099688583425753
70293,1,1,TP,0.3996830227409153
19623,1,1,TP,0.7769014650074011
85129,1,1,TP,0.6145561629479497
61847,1,0,FN,0.16638719926748521
13259,1,0,FN,0.05594259637794712
96425,1,0,FN,0.265594922850747
7913,1,1,TP,0.42178123750594415
52397,1,1,TP,0.8808744979255841
61897,1,0,FN,0.1357838307889572
64257,1,1,TP,0.8128479774756416
72618,1,1,TP,0.7467558465967128
75396,1,1,TP,0.6112092235652202
83591,1,1,TP,0.8420836523630688
28165,1,1,TP,0.41464693936464436
59360,1,1,TP,0.7712858106947541
52187,1,1,TP,0.8530374643861013
10642,1,1,TP,0.8773022997611457
40397,1,0,FN,0.0896441737752279
52871,1,1,TP,0.927484272324258
68529,1,1,TP,0.7804503798181853
75240,1,1,TP,0.37202339423878855
7816,1,1,TP,0.4444728494913977
92358,1,1,TP,0.9306934894064027
80695,1,1,TP,0.727631616242831
89765,1,1,TP,0.3808446898511018
63195,1,1,TP,0.8705375723637042
59341,1,1,TP,0.5801639300344502
87106,1,1,TP,0.900079425512635
28543,1,0,FN,0.18423840901743319
94718,1,1,TP,0.547680554878913
87563,1,0,FN,0.327869781750319
87236,1,1,TP,0.35917871767236453
91648,1,1,TP,0.9699942159803246
23749,1,1,TP,0.7838380175249785
53640,1,0,FN,0.1859333872491424
35478,1,1,TP,0.5236886225617138
26437,1,0,FN,0.25736871117239324
29645,1,1,TP,0.5646292881703319
7352,1,0,FN,0.2724445601581788
94210,1,1,TP,0.36503957963594946
63198,1,0,FN,0.033201696742677984
43976,1,1,TP,0.5541513473697289
86137,1,1,TP,0.723033094287347
59860,1,1,TP,0.9470259686344287
23967,1,1,TP,0.36600603410978255
50981,1,1,TP,0.856954655360317
90275,1,0,FN,0.1753742619252084
2934,1,1,TP,0.5158066032175939
29481,1,1,TP,0.6376065961524385
58142,1,1,TP,0.5328628809317327
5192,1,1,TP,0.7630234954607088
49716,1,0,FN,0.3126516443495998
84750,1,1,TP,0.7404244992033914
56018,1,0,FN,0.1968440350769183
96027,1,1,TP,0.7170404116302016
65372,1,1,TP,0.8518968587966536
32761,1,0,FN,0.1649883766328975
64208,1,1,TP,0.6412941955008727
19382,1,1,TP,0.5682760474834964
95036,1,0,FN,0.14950626494146582
12709,1,1,TP,0.8801193382230954
83259,1,0,FN,0.3090569982927783
51479,1,0,FN,0.3489251071920513
27145,1,0,FN,0.1720503291489214
28564,1,1,TP,0.9248370168236238
85601,1,1,TP,0.926085197893664
80915,1,0,FN,0.10548017494822937
62915,1,1,TP,0.48445745665451073
61489,1,1,TP,0.5914660180247734
37950,1,0,FN,0.13701305676652525
54316,1,1,TP,0.8509143793432746
16584,1,1,TP,0.6914157964414646
74810,1,1,TP,0.4141992318545871
90132,1,1,TP,0.40136983428301104
23706,1,1,TP,0.9526988102201903
57409,1,0,FN,0.31920019031438174
38679,1,0,FN,0.1430457689909299
43017,1,1,TP,0.3688832190566712
86309,1,1,TP,0.9069581915403039
13908,1,0,FN,0.24268666465849079
93584,1,1,TP,0.4143690616497558
24398,1,1,TP,0.8147676176756068
61047,1,1,TP,0.5705192392920613
14582,1,1,TP,0.44993639235908084
81604,1,1,TP,0.7455560828675928
28791,1,1,TP,0.6057798034136954
79230,1,0,FN,0.218198411745964
49012,1,1,TP,0.710941504638665
85473,1,1,TP,0.9331050412412302
75304,1,1,TP,0.8753462746863039
93712,1,1,TP,0.9438117951580317
31976,1,1,TP,0.9060867181510964
27450,1,1,TP,0.652271268575056
53897,1,1,TP,0.519179189777479
65190,1,1,TP,0.5955583112452868
2683,1,0,FN,0.10535849196005147
6287,1,0,FN,0.14714206561642135
4298,1,1,TP,0.49324107759448044
48023,1,1,TP,0.8869355092821911
72309,1,1,TP,0.8292724617173601
12690,1,1,TP,0.5207760872341473
52190,1,1,TP,0.6544580622898382
29417,1,1,TP,0.7269046532534499
24306,1,1,TP,0.9078395242293471
8925,1,1,TP,0.9412173757271581
57046,1,1,TP,0.5454489238934334
45869,1,1,TP,0.4794902470621717
70498,1,1,TP,0.4640831226081105
96327,1,1,TP,0.8142690497255957
96781,1,0,FN,0.11393017780808751
58394,1,1,TP,0.3681454889732273
93784,1,0,FN,0.3158523939295059
30865,1,1,TP,0.928000444710321
20975,1,0,FN,0.08923109021914515
53082,1,1,TP,0.6642454100809443
52103,1,1,TP,0.8854439627918703
5187,1,1,TP,0.6449517161140849
54287,1,1,TP,0.9124454771928876
40536,1,1,TP,0.7557328725637841
52894,1,1,TP,0.8859470349674512
24716,1,1,TP,0.46496353091374765
68705,1,0,FN,0.17299741653298897
25413,1,1,TP,0.7202349317818947
10537,1,1,TP,0.3841138390433656
72306,1,1,TP,0.8678024226494252
94365,1,1,TP,0.36502285950704044
17934,1,1,TP,0.9681889927069398
12594,1,0,FN,0.2525074817461148
31957,1,1,TP,0.951370146889754
10647,1,0,FN,0.3320665782485492
18732,1,0,FN,0.13375556828716062
84657,1,1,TP,0.9401217655668436
32604,1,1,TP,0.37982841215707414
98013,1,1,TP,0.8937975550849135
49052,1,1,TP,0.8153666809965769
86405,0,0,TN,0.10643066646502873
81926,0,0,TN,0.18494365319122374
28916,0,1,FP,0.5876084074181329
23508,0,0,TN,0.09241205061849522
60315,0,0,TN,0.26920078575831063
45217,0,0,TN,0.06267984864894816
92640,0,0,TN,0.2667595924867047
20651,0,0,TN,0.054639473401815256
92853,0,0,TN,0.04276910497677292
37640,0,0,TN,0.06560524102624314
80253,0,0,TN,0.14634735771683816
6839,0,0,TN,0.19974895122798753
79218,0,0,TN,0.17187515974782852
76249,0,0,TN,0.10924802846461305
64951,0,0,TN,0.08968299449875375
45163,0,1,FP,0.8825342376672186
42579,0,1,FP,0.4630655225058652
58239,0,0,TN,0.08168395924213565
84372,0,0,TN,0.2009710619893178
98156,0,0,TN,0.13339576127047403
92607,0,0,TN,0.05028138236502783
1567,0,0,TN,0.06411468430639894
75183,0,0,TN,0.07244275197770118
64081,0,0,TN,0.10333014185178283
62740,0,0,TN,0.33708145310038606
14785,0,0,TN,0.23720721509012388
67419,0,0,TN,0.2634310548202835
85274,0,0,TN,0.12930907982967363
12065,0,0,TN,0.10933766697315764
28306,0,0,TN,0.09904977517287761
17562,0,0,TN,0.11935619453987387
10397,0,1,FP,0.41078574628443487
49307,0,0,TN,0.07076663889609308
75439,0,0,TN,0.16421663112222376
21694,0,0,TN,0.20333574042786998
73592,0,0,TN,0.33621543828750095
64537,0,0,TN,0.07856580263958149
72519,0,1,FP,0.699119306224275
25710,0,0,TN,0.06726660571847441
93642,0,1,FP,0.7385948512858701
1723,0,0,TN,0.03419552811968983
68017,0,0,TN,0.2859365795811044
93158,0,1,FP,0.38449265119511994
23876,0,0,TN,0.12859421910875277
4982,0,0,TN,0.18931053842883902
59781,0,1,FP,0.6174009018635765
98120,0,0,TN,0.07446260970103849
53647,0,0,TN,0.09501967403858004
78513,0,0,TN,0.054264077074905395
53712,0,0,TN,0.09612791616973637
57264,0,0,TN,0.2583207024547757
13475,0,0,TN,0.08022167374172755
52739,0,0,TN,0.20274203670358004
36718,0,0,TN,0.05147614238626996
60597,0,0,TN,0.18769969554516674
83514,0,0,TN,0.08489376169106784
32548,0,0,TN,0.1808026877803738
26754,0,0,TN,0.2991619190213291
31647,0,0,TN,0.11016547446936925
68350,0,0,TN,0.21738255907069673
89104,0,0,TN,0.08078139070320889
97143,0,0,TN,0.13935927988008553
16289,0,1,FP,0.4637901808956218
1689,0,0,TN,0.14929925848530975
49602,0,0,TN,0.1876013595707213
80546,0,0,TN,0.06474235603154618
45270,0,0,TN,0.133611891365457
41257,0,0,TN,0.052398338742224396
16807,0,0,TN,0.18592194017459931
97512,0,0,TN,0.3486200546290974
36408,0,0,TN,0.09166125847933684
4165,0,0,TN,0.14130473149132988
38274,0,0,TN,0.25325955998821753
28015,0,0,TN,0.018521732839255664
41283,0,1,FP,0.6451950404198307
5694,0,0,TN,0.1085676061451814
37429,0,0,TN,0.23988173566094248
62394,0,1,FP,0.5765411310856665
7398,0,0,TN,0.1885414323883936
26813,0,0,TN,0.19522934579106546
18067,0,0,TN,0.10055378972816928
46573,0,0,TN,0.2028943738197005
28407,0,0,TN,0.32843149333880933
84203,0,0,TN,0.09037944959751261
36592,0,0,TN,0.19684420998707594
59634,0,1,FP,0.5511065249474163
10348,0,1,FP,0.6577742404445936
40319,0,0,TN,0.08945982884664354
25408,0,0,TN,0.10327898088563675
35261,0,0,TN,0.040307468667991384
72645,0,0,TN,0.18185152616538325
2138,0,1,FP,0.4633774979691197
54137,0,0,TN,0.08025452821447328
18475,0,0,TN,0.32067921417494755
19253,0,0,TN,0.19732364086718795
90283,0,0,TN,0.07867169129523717
67025,0,0,TN,0.14119359729489386
30978,0,1,FP,0.72256141869968
6245,0,0,TN,0.05521062977091155
46879,0,0,TN,0.1422498568672588
49813,0,0,TN,0.31145846737483596
42869,0,0,TN,0.09421577649625582
21507,0,0,TN,0.10031335431068684
52940,0,1,FP,0.44367677102223085
15327,0,0,TN,0.23855948601169155
68743,0,1,FP,0.5371441200311425
94576,0,1,FP,0.43851944482241906
50912,0,0,TN,0.1109990858638706
52069,0,0,TN,0.09688376316908155
47305,0,0,TN,0.06901815725137622
39417,0,0,TN,0.05586145395923813
52916,0,0,TN,0.15159851386982973
48295,0,0,TN,0.3177716744384314
25380,0,1,FP,0.4996194917389581
87329,0,1,FP,0.4490827159326303
48327,0,0,TN,0.11352381306441868
50816,0,0,TN,0.10037239334739258
84732,0,1,FP,0.3834166719497531
24798,0,0,TN,0.2454507000423166
19840,0,0,TN,0.16362277492774127
41658,0,1,FP,0.7399463110426184
98326,0,0,TN,0.23876010959783805
29316,0,0,TN,0.10816512731562747
24301,0,1,FP,0.3888450455506522
41967,0,0,TN,0.30226984459012407
30261,0,0,TN,0.14114030381744802
90617,0,0,TN,0.11139966938013628
78042,0,0,TN,0.017525802422313577
32785,0,0,TN,0.07632525586020396
73456,0,0,TN,0.23356879154797117
31592,0,0,TN,0.10639142131455863
26457,0,1,FP,0.45426351783976854
56023,0,1,FP,0.6354982644886902
68295,0,0,TN,0.17411655687834507
20316,0,0,TN,0.13594706213240257
16804,0,0,TN,0.13814601056302647
38917,0,0,TN,0.04690777861338891
13947,0,1,FP,0.6336605091078487
30971,0,0,TN,0.18122327157083604
83016,0,0,TN,0.16203874001877155
41863,0,0,TN,0.1000200601875284
63082,0,0,TN,0.10157307104965711
28576,0,0,TN,0.2695594606494432
21597,0,0,TN,0.07468403010775769
62781,0,1,FP,0.5092462998209241
3527,0,0,TN,0.0979463352826237
10627,0,0,TN,0.08807191360964155
93581,0,0,TN,0.10105835384482255
13567,0,0,TN,0.05357493384597796
69824,0,0,TN,0.009134870841018817
19780,0,0,TN,0.10992322869327498
18509,0,0,TN,0.10621671191436381
73825,0,0,TN,0.08779339830172658
84017,0,0,TN,0.12856082233674204
98513,0,0,TN,0.14119693216315765
6328,0,0,TN,0.3484575961225713
74521,0,0,TN,0.09879169350120798
5748,0,0,TN,0.022008625652931702
67820,0,1,FP,0.3955298471371876
39187,0,0,TN,0.11728421052083972
18642,0,1,FP,0.5515784971737955
46759,0,1,FP,0.8359474804331705
41072,0,0,TN,0.19159854166983073
94782,0,0,TN,0.08125564865652592
32054,0,0,TN,0.0841412398003676
69273,0,0,TN,0.13646341369490944
49830,0,0,TN,0.20598818231543395
60897,0,0,TN,0.21216680536043517
27148,0,0,TN,0.31847509439014077
78240,0,1,FP,0.6790346645910141
18054,0,0,TN,0.05216284760400364
31624,0,0,TN,0.1326971495104739
58621,0,1,FP,0.8332783893669949
91243,0,1,FP,0.405544226057026
9812,0,0,TN,0.2468999948130219
53148,0,1,FP,0.45362389203630404
13568,0,0,TN,0.11550257328157539
14682,0,0,TN,0.1240766730927305
68491,0,0,TN,0.12145016810461534
40958,0,0,TN,0.05369876039943876
56089,0,0,TN,0.13969745986346885
43276,0,0,TN,0.03919717250474866
4978,0,0,TN,0.10310868837020222
25931,0,0,TN,0.0665941792442642
36051,0,0,TN,0.2653948540142756
95428,0,0,TN,0.005523216521561041
60834,0,0,TN,0.23690336914973545
14073,0,0,TN,0.06925058486686612
68543,0,0,TN,0.09962459318796014
87941,0,0,TN,0.040807656179762175
90512,0,0,TN,0.04084510157492467
61308,0,0,TN,0.09430270318076779
97238,0,0,TN,0.08373412431291542
29187,0,0,TN,0.07304819068030705
72408,0,0,TN,0.037622313052661685
51849,0,0,TN,0.1620582656608978
14872,0,0,TN,0.08153160848185259
41237,0,0,TN,0.23585840467974067
27958,0,0,TN,0.14494086163495892
52489,0,0,TN,0.12920086809600098
19627,0,0,TN,0.16064895633217488
45018,0,0,TN,0.1422728058760607
27305,0,0,TN,0.13448163015330053
91365,0,0,TN,0.1074160455535661
27310,0,0,TN,0.021406727655253727
27609,0,0,TN,0.09326703183897275
57462,0,0,TN,0.027735100236094587
2417,0,0,TN,0.13662038094072174
89673,0,0,TN,0.06748129721000928
25684,0,0,TN,0.05347400432816145
6281,0,0,TN,0.06619814615444256
12568,0,0,TN,0.07936429902669101
93162,0,1,FP,0.6101196593102823
89241,0,0,TN,0.11301279693791814
35806,0,0,TN,0.21547754047736098
67284,0,0,TN,0.009295705503914614
61358,0,0,TN,0.16796375865709376
81930,0,0,TN,0.11600826508887647
3581,0,0,TN,0.12229471577577278
56120,0,0,TN,0.08851490115176534
79413,0,1,FP,0.7407279695873932
74039,0,0,TN,0.09401120999667095
5239,0,0,TN,0.0928273051155906
42803,0,0,TN,0.03993741666034501
28541,0,0,TN,0.1438424454117963
73068,0,0,TN,0.16331104976891875
63704,0,0,TN,0.028812847327370154
54219,0,0,TN,0.20931698667576115
43125,0,0,TN,0.09001155851183042
62498,0,1,FP,0.47568667933090736
92605,0,0,TN,0.029288846123282305
13972,0,0,TN,0.11264559032926162
20769,0,0,TN,0.14651982241822248
9317,0,0,TN,0.05853461121610122
91274,0,0,TN,0.16779807270726857
10836,0,0,TN,0.19621517145820208
42605,0,0,TN,0.19287350069998357
56342,0,0,TN,0.239176533767642
23801,0,1,FP,0.47395333389117467
14527,0,0,TN,0.12283650274894452
64037,0,0,TN,0.20101620735782222
97263,0,0,TN,0.11936640941929944
83947,0,0,TN,0.1617714070853605
73140,0,0,TN,0.07087458303469268
40518,0,0,TN,0.16995601376339867
83754,0,0,TN,0.326253686238461
35916,0,0,TN,0.08405505231306505
36142,0,1,FP,0.5162857587168591
25604,0,1,FP,0.5011688412012647
8659,0,0,TN,0.14604002041803357
43950,0,0,TN,0.09291573782722909
52860,0,0,TN,0.06494875178328449
49237,0,0,TN,0.09099275769319295
38907,0,0,TN,0.3095226022925804
58203,0,0,TN,0.17023413559755435
67594,0,0,TN,0.351638437902284
16470,0,0,TN,0.03382138653979271
90653,0,1,FP,0.9384511329198473
85361,0,0,TN,0.09732674348665314
21846,0,0,TN,0.09829452778154552
81746,0,1,FP,0.6590344312824965
74580,0,0,TN,0.1336193505526355
17462,0,0,TN,0.039043617200173394
47025,0,0,TN,0.25476234182304325
53972,0,0,TN,0.08712980027059064
56307,0,0,TN,0.09860983330390882
98437,0,0,TN,0.0917575249054828
53167,0,0,TN,0.17837091357200666
65409,0,0,TN,0.21190304977397664
70268,0,0,TN,0.05045641874122151
78016,0,0,TN,0.05562148785650703
8145,0,0,TN,0.06255901722816823
60574,0,1,FP,0.4527883561980004
32478,0,0,TN,0.07714526249071914
93624,0,0,TN,0.25619382280325326
65097,0,0,TN,0.08685900950823337
9825,0,0,TN,0.33998844415490975
71035,0,0,TN,0.07309156430590377
54391,0,1,FP,0.5982183993988383
45820,0,0,TN,0.2463194226141578
8426,0,0,TN,0.0774369662320867
95162,0,0,TN,0.34794541885665425
6783,0,1,FP,0.4149021673637536
7415,0,0,TN,0.0991843066799797
68027,0,0,TN,0.04431188815930331
20893,0,0,TN,0.14903621986965257
84123,0,0,TN,0.1990243037380435
8374,0,0,TN,0.0
31905,0,0,TN,0.025126391024763377
37891,0,0,TN,0.1407531628145282
74209,0,0,TN,0.18918155729505443
52074,0,1,FP,0.4718067166368943
29176,0,0,TN,0.13405708250862386
82630,0,0,TN,0.07794867361453901
3926,0,0,TN,0.1448433325533741
51920,0,0,TN,0.12173491862580903
63542,0,0,TN,0.07974413217807869
23941,0,0,TN,0.3534516031176614
81276,0,0,TN,0.32036475319621527
65127,0,0,TN,0.10276901579421971
27654,0,0,TN,0.05204308218484293
76830,0,0,TN,0.21716866144241154
18794,0,0,TN,0.10649859499135401
63270,0,0,TN,0.051064813322494976
75962,0,0,TN,0.10695116301054569
83470,0,0,TN,0.19998762079634466
98361,0,0,TN,0.2255139596946638
67598,0,0,TN,0.1432599428756588
72054,0,0,TN,0.21165863984308506
47935,0,0,TN,0.07178841616865494
63458,0,0,TN,0.2770173594978055
32071,0,0,TN,0.19418348639895922
45132,0,0,TN,0.11770721146494471
58460,0,0,TN,0.0996850679181119
67584,0,0,TN,0.11180913488035985
31695,0,0,TN,0.13102960550078424
83925,0,0,TN,0.06974271799139542
86209,0,0,TN,0.1482641696243726
5374,0,0,TN,0.12950803861061036
94172,0,0,TN,0.06165097524201463
26739,0,1,FP,0.43827960498769036
38061,0,0,TN,0.08504587831747414
78614,0,0,TN,0.07351494108477141
46201,0,0,TN,0.09616279280747263
6827,0,0,TN,0.20353503387330932
34261,0,0,TN,0.15095109964190245
24850,0,0,TN,0.12334632342186051
93486,0,1,FP,0.5170406248075913
57326,0,0,TN,0.008728727950098152
29043,0,0,TN,0.045408653806531134
76012,0,0,TN,0.19036213578925892
60783,0,0,TN,0.28308798481130365
47539,0,0,TN,0.040173742395281896
14367,0,0,TN,0.003334354006605084
93254,0,1,FP,0.6629467122161304
74205,0,0,TN,0.050524624480981786
9375,0,0,TN,0.06579767655392636
10634,0,0,TN,0.1300018261929224
70182,0,0,TN,0.30807728405386325
39078,0,1,FP,0.44258145260826276
64032,0,0,TN,0.2400546398101383
58364,0,0,TN,0.32213674957877864
46892,0,0,TN,0.25554464178303654
19423,0,0,TN,0.16366492251427756
41290,0,0,TN,0.015068068173224857
16482,0,0,TN,0.2778427131709174
40237,0,0,TN,0.18664220187260536
81295,0,0,TN,0.09763921952113866
93125,0,0,TN,0.11256136754110602
86052,0,0,TN,0.20677220957657216
17324,0,0,TN,0.0951603927895754
32596,0,0,TN,0.17529897068771727
16398,0,0,TN,0.15763340863074654
49537,0,0,TN,0.2557856861854206
2587,0,0,TN,0.0915516914526964
83096,0,1,FP,0.4143333850273683
93520,0,0,TN,0.2020975421811681
1735,0,0,TN,0.1318457688579124
94608,0,0,TN,0.1125873865763263
7832,0,0,TN,0.2186986288151883
56714,0,0,TN,0.0985727913950179
32476,0,0,TN,0.15633748984775725
26159,0,0,TN,0.102438243462659
63142,0,0,TN,0.16318143803163349
62974,0,1,FP,0.5693389150446294
56983,0,0,TN,0.34637499305080766
41320,0,0,TN,0.0645572824624294
32945,0,0,TN,0.08352473145188069
54217,0,0,TN,0.08311387928518511
64539,0,0,TN,0.34223595719111394
62718,0,0,TN,0.07825598389660973
69702,0,0,TN,0.04539138979448101
57109,0,1,FP,0.4155435514841721
84973,0,0,TN,0.10906240149299697
50968,0,0,TN,0.27266227201565363
97615,0,0,TN,0.11845796713262514
4386,0,1,FP,0.6344755600052044
72045,0,1,FP,0.3843825554074581
96432,0,1,FP,0.5800441075716506
98321,0,1,FP,0.46826099701668733
52163,0,1,FP,0.5799980260066611
48251,0,0,TN,0.3095211190274025
12980,0,1,FP,0.6595196026752449
85196,0,0,TN,0.0768811004355462
87061,0,0,TN,0.04849109768386548
56491,0,0,TN,0.2544044753992143
94762,0,0,TN,0.2941396284560208
38290,0,0,TN,0.15973176982450377
18562,0,0,TN,0.18359278066006607
65307,0,1,FP,0.38945874848358064
87156,0,0,TN,0.056912663245870285
2451,0,0,TN,0.07678282127963772
57382,0,0,TN,0.14372684642526387
80524,0,0,TN,0.0918308321864626
95637,0,0,TN,0.1601111697306113
32701,0,0,TN,0.3407048099062692
7918,0,0,TN,0.050905777574089026
28356,0,0,TN,0.1458642176467616
2619,0,0,TN,0.2822028313922633
65387,0,1,FP,0.5829579541802883
1874,0,1,FP,0.4770357548623519
2437,0,0,TN,0.15716904070350077
82459,0,1,FP,0.6157544113352514
32697,0,0,TN,0.1565314423960726
6918,0,0,TN,0.22050511484903973
41309,0,1,FP,0.5209646589771164
76853,0,0,TN,0.26744731234306357
76540,0,0,TN,0.18381874258115677
1738,0,1,FP,0.5940787747824722
78021,0,0,TN,0.34295048982918697
84032,0,0,TN,0.21861944745191664
39820,0,1,FP,0.48978332378160033
91078,0,0,TN,0.23259912158301888
32796,0,0,TN,0.07022171384563636
31250,0,1,FP,0.7216355401945187
52198,0,0,TN,0.35330049886980774
64310,0,1,FP,0.40219078143682235
12768,0,0,TN,0.04175753607760818
21867,0,1,FP,0.5493182162668044
71534,0,0,TN,0.2843144526085765
35947,0,0,TN,0.11834296357553617
5769,0,0,TN,0.17775082191292127
23087,0,0,TN,0.17315190555538054
37482,0,0,TN,0.22883634738361014
40527,0,0,TN,0.35514768119996976
10837,0,0,TN,0.131313552781427
19874,0,0,TN,0.13879463787458773
90524,0,0,TN,0.07007084354548944
97624,0,0,TN,0.15983621864981043
3526,0,0,TN,0.18748731507825533
4362,0,0,TN,0.2938124776195832
20679,0,1,FP,0.8287474705787694
54689,0,0,TN,0.2085859917636146
18792,0,0,TN,0.18461586948228018
58423,0,0,TN,0.09028126026167436
23469,0,0,TN,0.08943276867843526
87954,0,0,TN,0.08624080175219682
63792,0,0,TN,0.07166505931149568
13724,0,0,TN,0.10040474684569314
10875,0,0,TN,0.09130046282008877
38652,0,0,TN,0.2882197161623726
81932,0,0,TN,0.0930505594237027
28350,0,0,TN,0.29741647893757195
65243,0,0,TN,0.07429041567503526
72619,0,1,FP,0.5359621133470762
5768,0,1,FP,0.5685001521407489
24018,0,0,TN,0.3249449333925674
18752,0,0,TN,0.13974109242302443
24107,0,0,TN,0.042537271475488116
34965,0,0,TN,0.04597868584128061
64150,0,0,TN,0.07756665837170913
2349,0,0,TN,0.0512614524154105
82451,0,0,TN,0.11902343490385428
27053,0,0,TN,0.14301057661189023
29473,0,0,TN,0.14441354334926088
47912,0,0,TN,0.11843158722869349
32791,0,0,TN,0.016287710244874635
35498,0,0,TN,0.06335172209728691
26837,0,0,TN,0.040766578502796705
30476,0,0,TN,0.13677702787586934
92074,0,0,TN,0.2493190416866973
45082,0,0,TN,0.19169429302157842
82159,0,0,TN,0.14652973434095665
65123,0,0,TN,0.10226346910072118
1285,0,0,TN,0.15688525017735097
49261,0,0,TN,0.19665790842788358
39064,0,1,FP,0.41090992189765607
38762,0,0,TN,0.292076146409599
26731,0,1,FP,0.3784991705115559
78652,0,1,FP,0.5998094496048323
23741,0,0,TN,0.046670242625460885
7245,0,1,FP,0.6628410126598717
72016,0,0,TN,0.09764281736096661
30529,0,0,TN,0.17521406689126548
46153,0,0,TN,0.23213952591252449
95863,0,0,TN,0.23585130629220902
19084,0,0,TN,0.13338653864221658
45701,0,0,TN,0.04937482738754332
92084,0,0,TN,0.050577349015325734
43591,0,0,TN,0.2905714163521645
21456,0,0,TN,0.23607823173984302
65827,0,1,FP,0.40854493764531596
38297,0,0,TN,0.07868130987567643
82604,0,0,TN,0.27123611666860403
93758,0,0,TN,0.33661182192729827
85306,0,0,TN,0.047266737496242536
96215,0,0,TN,0.10900441535686564
3149,0,0,TN,0.3147162412497922
39217,0,0,TN,0.2042728834052513
68902,0,0,TN,0.29626397102761204
91573,0,0,TN,0.03752166352884675
18506,0,0,TN,0.10598135517418379
21596,0,1,FP,0.5830337951464931
27681,0,0,TN,0.06418411806890205
82057,0,0,TN,0.21603843411593912
16052,0,0,TN,0.10180515553571537
72150,0,0,TN,0.1535481273441081
34905,0,0,TN,0.26119455098994976
83942,0,0,TN,0.07271349613779354
96315,0,0,TN,0.11992013163067096
3571,0,0,TN,0.12934056971192573
43098,0,1,FP,0.6726949875219255
68519,0,0,TN,0.05344984806427179
41207,0,0,TN,0.33450567881375554
2149,0,1,FP,0.9771190290551565
10973,0,1,FP,0.815299345860553
94037,0,1,FP,0.710364959545068
20796,0,0,TN,0.08039832206339681
92680,0,0,TN,0.21773330937079763
21938,0,1,FP,0.5661520549713408
9418,0,1,FP,0.6315497552266951
49731,0,0,TN,0.12607386993804506
48632,0,0,TN,0.10684588165220792
73608,0,0,TN,0.07768198257823711
63152,0,0,TN,0.09435669910135916
10629,0,1,FP,0.5042801540879766
94681,0,0,TN,0.0994098402185107
20178,0,0,TN,0.11229417897357608
86749,0,0,TN,0.11042579260677626
43069,0,0,TN,0.10583762048642868
63509,0,0,TN,0.09253510749439497
18603,0,0,TN,0.13109449437513163
59276,0,0,TN,0.24505046153562307
14567,0,0,TN,0.10378182580642055
49238,0,0,TN,0.08408564986374387
63172,0,1,FP,0.36643613490278404
17029,0,0,TN,0.14046428897101335
73820,0,0,TN,0.0754881575639618
14732,0,0,TN,0.0835756135955708
65209,0,0,TN,0.08828153560061966
94253,0,0,TN,0.051009001162098264
63529,0,0,TN,0.08719771571147311
52410,0,0,TN,0.03588342552231131
19387,0,0,TN,0.22123336280292374
35401,0,0,TN,0.07828655488959879
5728,0,0,TN,0.05599332973410798
4293,0,0,TN,0.05558370048067956
79152,0,0,TN,0.27752977672462037
75406,0,0,TN,0.06466565698832678
19357,0,0,TN,0.09263642726640903
71965,0,0,TN,0.038567015754976154
8215,0,0,TN,0.3261659895573782
52376,0,0,TN,0.026861310320596007
12560,0,1,FP,0.46313019950090234
14862,0,0,TN,0.05351850902062263
23685,0,0,TN,0.0762304511417903
91427,0,0,TN,0.17547329650406848
86420,0,1,FP,0.5428729192600267
14762,0,1,FP,0.6993049408700537
46897,0,0,TN,0.06813954080276795
31540,0,0,TN,0.12344024906475486
43892,0,0,TN,0.04781923996809588
20871,0,1,FP,0.7434109759463593
10782,0,0,TN,0.11328081781965808
38576,0,0,TN,0.21794186702347115
82731,0,0,TN,0.1050646770946016
72649,0,0,TN,0.24395462174456806
69845,0,0,TN,0.06295371778244452
57468,0,0,TN,0.08203343476594474
81067,0,0,TN,0.10409727336039382
42951,0,0,TN,0.039375639059031
64189,0,1,FP,0.43733698860775333
72948,0,0,TN,0.1516055851603521
8346,0,0,TN,0.08568913897534412
50284,0,0,TN,0.27323926432999607
13287,0,0,TN,0.10151466663494176
31685,0,0,TN,0.2363530979189788
39657,0,1,FP,0.4157512055657756
26481,0,0,TN,0.15303077220010722
20579,0,0,TN,0.0423496997742845
20941,0,0,TN,0.11142215972979454
57614,0,0,TN,0.10892483894891161
29746,0,0,TN,0.35537693896683703
20831,0,0,TN,0.12392672655182159
3618,0,0,TN,0.14659324310842256
72854,0,0,TN,0.34386359598225064
57980,0,0,TN,0.08428806794610086
13078,0,0,TN,0.08017590154507366
57641,0,0,TN,0.2805799060815058
36198,0,0,TN,0.10141061517060049
51962,0,0,TN,0.06973489664622899
65034,0,0,TN,0.29856338561172907
52369,0,0,TN,0.061754269250032065
21380,0,0,TN,0.1543342755465884
30821,0,0,TN,0.11411433904357639
90726,0,0,TN,0.1465290564143049
38456,0,0,TN,0.013535949194684519
73092,0,0,TN,0.14576351438831894
30264,0,0,TN,0.10460512111733423
42689,0,0,TN,0.20513732504594984
40589,0,1,FP,0.4375484959364378
38920,0,0,TN,0.2185437377567756
34519,0,0,TN,0.09075884855904756
81460,0,0,TN,0.20926284364454223
57243,0,1,FP,0.4446739991763959
81496,0,0,TN,0.07203388646567642
58012,0,1,FP,0.5202357606213448
71395,0,0,TN,0.07456138211397245
8943,0,1,FP,0.47011988703578894
37821,0,0,TN,0.28653751330943433
19402,0,0,TN,0.15232443767692422
26107,0,0,TN,0.3479430659624624
51396,0,0,TN,0.060669220219432864
43820,0,0,TN,0.30719659060150734
30765,0,0,TN,0.08598592395393391
98541,0,0,TN,0.32723825212014507
82701,0,0,TN,0.056655198167056484
64250,0,1,FP,0.9127704447826209
5763,0,0,TN,0.2871393293449048
5627,0,0,TN,0.22811353587655064
61548,0,0,TN,0.07260909589722163
20173,0,0,TN,0.09325660858072528
26348,0,0,TN,0.14462914682916925
27845,0,0,TN,0.07987328948733699
15637,0,0,TN,0.14142911513490233
98604,0,0,TN,0.20410295373702014
52879,0,0,TN,0.11233713188341729
95348,0,0,TN,0.0622049966010555
87136,0,0,TN,0.08202864375576514
56701,0,0,TN,0.035418803516833894
79816,0,0,TN,0.11428990393257094
21584,0,0,TN,0.09940240171265853
82716,0,0,TN,0.03451303035076417
8427,0,0,TN,0.11222204428995852
10723,0,0,TN,0.046194432734524615
79586,0,0,TN,0.24874213495111183
76490,0,0,TN,0.07282081209242978
19386,0,0,TN,0.039797575175834626
45293,0,0,TN,0.2438237016640417
2436,0,0,TN,0.09365769741247242
67825,0,0,TN,0.14659228988526113
92386,0,0,TN,0.07721598683965353
92653,0,0,TN,0.12907242490453633
87320,0,0,TN,0.2690219010208693
4967,0,0,TN,0.324638365211959
93526,0,0,TN,0.24151828884684323
18409,0,0,TN,0.059524097909127056
1594,0,0,TN,0.06327657256207807
42567,0,0,TN,0.14799955230719491
56893,0,1,FP,0.5510039866474632
71032,0,0,TN,0.05709734361686052
15932,0,0,TN,0.35065081008243865
86904,0,0,TN,0.07044708133893068
90235,0,1,FP,0.49721235370645867
47562,0,0,TN,0.30148819792377307
15230,0,0,TN,0.058819650553146474
5346,0,0,TN,0.023192399817793793
13672,0,1,FP,0.4227739047752256
20674,0,0,TN,0.1545530350266698
95647,0,0,TN,0.18991462936201384
96137,0,1,FP,0.4750298540247766
37810,0,0,TN,0.050406649221140146
29468,0,0,TN,0.09933478261388826
20613,0,1,FP,0.36767644215230777
46890,0,0,TN,0.11507775578097558
92584,0,0,TN,0.09014603524151471
72401,0,0,TN,0.2623589838941686
40587,0,0,TN,0.1657568550366067
59187,0,0,TN,0.10997613567562112
94318,0,0,TN,0.11465075333726493
15389,0,0,TN,0.13283384708082763
86235,0,0,TN,0.07049847082412795
4869,0,0,TN,0.13624799990565784
7426,0,0,TN,0.29026314012577353
6947,0,0,TN,0.03713129292545069
30281,0,0,TN,0.20467883822341318
86952,0,0,TN,0.259850665931866
81647,0,0,TN,0.08042896175936362
38524,0,1,FP,0.7405246601072895
67140,0,0,TN,0.04772783885574063
61592,0,0,TN,0.06796821338781839
80921,0,0,TN,0.045205967440261945
13540,0,0,TN,0.1406249370911352
58341,0,0,TN,0.09547571564787696
51806,0,0,TN,0.10957888433584607
57698,0,0,TN,0.26503122413940505
2794,0,1,FP,0.36000153888657643
52680,0,1,FP,0.5158129920522647
73546,0,0,TN,0.07590705563498014
3179,0,0,TN,0.06913237556324543
92631,0,0,TN,0.047927157054360216
9256,0,0,TN,0.28353841434283494
7213,0,0,TN,0.28583779783688523
3174,0,1,FP,0.5812771232865926
86490,0,0,TN,0.0640338314762184
72961,0,0,TN,0.07857262490527238
13702,0,1,FP,0.5146770051564713
98621,0,1,FP,0.9033229642415134
16925,0,0,TN,0.16689669447869124
8725,0,0,TN,0.0849657994908856
39428,0,0,TN,0.04543467489872685
64810,0,0,TN,0.33139177256806107
87904,0,1,FP,0.4952869630145242
87095,0,0,TN,0.1842986987918223
83294,0,0,TN,0.0300827752501109
42389,0,0,TN,0.2244527747146684
97421,0,1,FP,0.445539015247358
95321,0,0,TN,0.14931762561565473
8132,0,0,TN,0.3150506342119977
83029,0,0,TN,0.06422861784909818
67538,0,0,TN,0.06698020855749226
49865,0,0,TN,0.27200597148880024
54097,0,0,TN,0.07426339101488899
51672,0,0,TN,0.1608619749203098
82903,0,0,TN,0.08455632592818334
93167,0,1,FP,0.45810298955619844
23597,0,0,TN,0.09388158866637783
93705,0,1,FP,0.3978121845238719
74396,0,0,TN,0.2510053084361652
73501,0,0,TN,0.10516180332308207
78953,0,0,TN,0.07118553108874984
80216,0,0,TN,0.1497079463949606
71094,0,0,TN,0.20112756475471222
9578,0,1,FP,0.3621173816448735
50374,0,0,TN,0.09379672227187129
13420,0,0,TN,0.33289313341843146
37261,0,0,TN,0.26797034638362055
50869,0,0,TN,0.08316783343830053
75609,0,0,TN,0.345487204419314
80249,0,0,TN,0.15150804315252325
27380,0,0,TN,0.11787260213759605
58694,0,1,FP,0.3940640382698038
73802,0,1,FP,0.5595293814407443
49801,0,0,TN,0.2357467381278491
65130,0,1,FP,0.3674280935235115
16840,0,0,TN,0.14101265116216122
54836,0,0,TN,0.2131637301416264
41269,0,0,TN,0.23888312562940686
5238,0,0,TN,0.1808221060589587
84052,0,1,FP,0.4282550610652212
32546,0,0,TN,0.10439303498919206
97506,0,0,TN,0.13001398892210705
57943,0,0,TN,0.336424605044786
84627,0,1,FP,0.42020350035360593
71092,0,1,FP,0.4958513079623781
68915,0,0,TN,0.05887524735846262
6958,0,0,TN,0.03540879140165482
57324,0,0,TN,0.23269746887813295
10486,0,1,FP,0.5600975079415543
76120,0,1,FP,0.8022762385059624
12960,0,0,TN,0.21268166930680493
67912,0,0,TN,0.17833009827966323
70326,0,0,TN,0.07119788131249609
93284,0,0,TN,0.05474466925427013
94803,0,0,TN,0.3308348266946258
10756,0,1,FP,0.39248618815296915
3165,0,0,TN,0.15075598329042628
41930,0,1,FP,0.37388423335931487
82137,0,1,FP,0.7031196467759029
25940,0,0,TN,0.08466124538954817
70682,0,0,TN,0.06550821636446655
36908,0,0,TN,0.1510166778475995
15340,0,0,TN,0.3092052087826425
60281,0,0,TN,0.08907144876803201
65482,0,0,TN,0.07035217253837331
13825,0,0,TN,0.09602628693954689
6829,0,0,TN,0.16247610955586814
61074,0,0,TN,0.053406345117509905
4973,0,0,TN,0.22331954891800387
89230,0,1,FP,0.9189565952958441
10697,0,1,FP,0.7205733193595795
39762,0,0,TN,0.22880709792816048
90637,0,0,TN,0.16758672614242184
97621,0,0,TN,0.08919559198011875
3876,0,0,TN,0.08052841774765002
27456,0,0,TN,0.19302035646338722
89032,0,1,FP,0.5231379734162654
30621,0,0,TN,0.23944060533162448
13587,0,0,TN,0.0651598715927808
59214,0,1,FP,0.5655994346412452
36194,0,0,TN,0.1889895109793048
83401,0,1,FP,0.8071366633134687
94528,0,1,FP,0.41463869496990013
13572,0,0,TN,0.3420061832215655
30547,0,0,TN,0.27633075358173087
49180,0,0,TN,0.10184220320317017
19264,0,0,TN,0.19909395421318055
25974,0,0,TN,0.22518131337980138
74358,0,1,FP,0.43656292554013726
67520,0,0,TN,0.0825021318835487
92418,0,0,TN,0.1352805720168907
42381,0,0,TN,0.2769760598493825
1425,0,0,TN,0.23500024102407246
98143,0,0,TN,0.09202044434093326
75493,0,0,TN,0.09215623239132734
14729,0,0,TN,0.2037036605051855
62917,0,0,TN,0.06599050299501717
28176,0,1,FP,0.6457397230890164
54863,0,0,TN,0.12070578995534936
78026,0,1,FP,0.6091877073461084
46015,0,0,TN,0.24950875928890756
13457,0,0,TN,0.09312429927575065
16803,0,1,FP,0.3977868604074181
10469,0,1,FP,0.6414358883854897
73916,0,1,FP,0.5719827590219861
17590,0,0,TN,0.04685805686382428
21037,0,0,TN,0.10122454968741817
54168,0,0,TN,0.0840918721174627
25681,0,0,TN,0.07589553975872038
20591,0,0,TN,0.052235805418929256
48195,0,1,FP,0.4238557280796321
60239,0,0,TN,0.11338503913128249
78962,0,1,FP,0.48321582242443184
16385,0,0,TN,0.1119850720623289
19560,0,0,TN,0.22951081378443006
69812,0,0,TN,0.07655972074902455
28493,0,0,TN,0.1367236390242403
94651,0,1,FP,0.39240164969381874
35768,0,1,FP,0.4933898967503328
24365,0,0,TN,0.1610617812202976
76809,0,0,TN,0.029871347755083006
29617,0,0,TN,0.052861836850402924
2486,0,1,FP,0.8173999266165473
96308,0,0,TN,0.16518250737925305
5142,0,0,TN,0.07360927918374328
78946,0,0,TN,0.08986295626686691
67302,0,0,TN,0.05636070464831431
91824,0,0,TN,0.24214599801788933
2641,0,0,TN,0.1117612106362245
61972,0,0,TN,0.11232722714029335
4317,0,0,TN,0.23521101781187873
92561,0,1,FP,0.5966908465552031
80536,0,0,TN,0.24582404198325777
3125,0,0,TN,0.1870331975571282
27154,0,1,FP,0.4533435649309924
17538,0,0,TN,0.06111890790152086
72684,0,1,FP,0.37631962317695605
12640,0,0,TN,0.02280341703743025
48105,0,1,FP,0.7199558363186637
38602,0,0,TN,0.027424826960593184
1674,0,1,FP,0.4545390069885
16085,0,0,TN,0.210136182988876
91870,0,0,TN,0.26552865187470814
60924,0,1,FP,0.6144896584340356
60742,0,0,TN,0.05925909174303586
57028,0,0,TN,0.10318460683480585
49315,0,1,FP,0.3714542568072608
43157,0,0,TN,0.021840435592278936
37680,0,0,TN,0.0608777928892797
90627,0,0,TN,0.0756021033958127
89476,0,0,TN,0.14754217179323276
76492,0,0,TN,0.07491243455953796
61893,0,1,FP,0.7842067412436502
64912,0,0,TN,0.04140975051354816
84092,0,0,TN,0.21806359672810055
82713,0,0,TN,0.07782883180478296
17254,0,0,TN,0.06987723711427696
41508,0,0,TN,0.23418831474612894
12578,0,0,TN,0.35493839824307594
95813,0,1,FP,0.5636225929919824
18795,0,1,FP,0.7055822771243198
76942,0,0,TN,0.08355402013197076
53176,0,0,TN,0.2368523044202677
71069,0,1,FP,0.563163778908732
54698,0,0,TN,0.3255917647859169
19470,0,0,TN,0.1679629874760676
12769,0,0,TN,0.2416193673784043
85740,0,0,TN,0.3274837859779798
95476,0,0,TN,0.018892899142495524
90352,0,0,TN,0.1964983306068655
87064,0,0,TN,0.2806187302103116
9175,0,0,TN,0.04301097652996165
57864,0,1,FP,0.41718301190711493
16245,0,0,TN,0.11318553169123734
17036,0,0,TN,0.2307570490235754
72096,0,0,TN,0.15155568659977148
67108,0,0,TN,0.10481312812337687
12703,0,0,TN,0.10965792045039054
2697,0,0,TN,0.08759498900747473
89351,0,1,FP,0.3651273676997599
90158,0,0,TN,0.08217429491200841
8794,0,0,TN,0.30020116874559516
25714,0,0,TN,0.16806639738002235
27510,0,1,FP,0.8392213665388671
24569,0,1,FP,0.45484505996348507
34625,0,1,FP,0.43597068881504547
50762,0,1,FP,0.6480147235086273
24360,0,0,TN,0.25177906262971367
53871,0,1,FP,0.5002443219262976
14289,0,0,TN,0.2801194931516913
97638,0,0,TN,0.23702824769836722
38150,0,0,TN,0.2475385721842837
65439,0,1,FP,0.6707133490970069
65937,0,1,FP,0.9354747743181318
30126,0,1,FP,0.4860072321096086
80526,0,0,TN,0.11124112634861015
71260,0,0,TN,0.12262246136961122
91680,0,0,TN,0.25958554244203336
13706,0,0,TN,0.32347519953231596
72563,0,0,TN,0.14083630928585134
65714,0,0,TN,0.013256871756576102
90367,0,0,TN,0.048009540195805694
94753,0,0,TN,0.045950785468436076
36907,0,0,TN,0.040439823540910684
29015,0,0,TN,0.284453192696743
69570,0,0,TN,0.057166168033696535
71653,0,1,FP,0.5903339861344681
90173,0,0,TN,0.12494839420445565
64357,0,0,TN,0.2849561194051487
42103,0,1,FP,0.8196861456959027
26915,0,0,TN,0.12281353643418907
75108,0,0,TN,0.05195503755104956
60972,0,0,TN,0.1587182682542012
15069,0,0,TN,0.10200967708042152
69127,0,0,TN,0.020361429798853387
72091,0,0,TN,0.32004452462556454
82473,0,0,TN,0.24864019715105326
32690,0,0,TN,0.121227153824073
49605,0,0,TN,0.09001648278467607
89624,0,1,FP,0.8765750615005011
19257,0,1,FP,0.5039913108428089
48329,0,0,TN,0.09168826163607952
39857,0,0,TN,0.13186703421985319
3761,0,0,TN,0.07654236715355664
89657,0,1,FP,0.3979087608060499
7369,0,1,FP,0.4105573209390949
4258,0,0,TN,0.043881871786778964
18563,0,0,TN,0.052778015056448364
18647,0,0,TN,0.09013190125554947
35679,0,0,TN,0.12533957730180753
54693,0,0,TN,0.28960865124903606
16459,0,0,TN,0.104678572784393
32857,0,0,TN,0.1320225487527163
75926,0,1,FP,0.8755226047886212
7524,0,0,TN,0.2617628130671841
35081,0,0,TN,0.11099998593998076
31598,0,0,TN,0.13449041027766098
31642,0,0,TN,0.34500968303171664
2193,0,0,TN,0.19259662577768666
3857,0,0,TN,0.12382260655308526
59642,0,1,FP,0.4746822638491994
20369,0,0,TN,0.10710700256717541
47210,0,0,TN,0.29432723141210576
89173,0,1,FP,0.4641301072916842
94601,0,1,FP,0.6661522783745191
38594,0,0,TN,0.09326896329144754
28497,0,0,TN,0.05395288528100421
68927,0,0,TN,0.2644869967273551
90682,0,0,TN,0.30372302620681857
97651,0,0,TN,0.10022634711834925
21367,0,1,FP,0.8610935075970019
49318,0,0,TN,0.08761930589960738
53094,0,1,FP,0.7957008906371212
49782,0,1,FP,0.5177699312103237
86920,0,0,TN,0.09843534220323813
2569,0,0,TN,0.23809712712328607
97053,0,0,TN,0.20406805694321
43586,0,0,TN,0.277096011640456
70428,0,0,TN,0.11582628157615035
75469,0,0,TN,0.29523384924217994
39172,0,0,TN,0.09499907595287953
40376,0,0,TN,0.1441955243417475
18459,0,0,TN,0.17322950996460815
59403,0,1,FP,0.433235048621791
29310,0,1,FP,0.4990112037496062
34807,0,1,FP,0.6801981091350222
18250,0,0,TN,0.10657426455357882
73286,0,0,TN,0.05745134300433199
24160,0,0,TN,0.16890456117848945
79435,0,0,TN,0.023908531538528812
95362,0,0,TN,0.09384700436392425
27063,0,0,TN,0.03084479597244572
12350,0,0,TN,0.10214656660437453
79524,0,1,FP,0.7573497222675069
97582,0,0,TN,0.09817400451262438
30581,0,0,TN,0.23943927277000393
75246,0,0,TN,0.07851607892681431
67158,0,0,TN,0.16868808882528777
72163,0,0,TN,0.060177919719118206
49081,0,1,FP,0.5300533701499398
12806,0,0,TN,0.03211996723514528
36019,0,0,TN,0.03596597735214828
89345,0,0,TN,0.09734339255447193
62150,0,1,FP,0.5534190660596296
96382,0,0,TN,0.07260993091497452
90163,0,0,TN,0.1327624275911424
9348,0,0,TN,0.10522443585419017
30921,0,1,FP,0.7782157692823678
12506,0,0,TN,0.2713004191298785
40361,0,0,TN,0.09164310819547701
30216,0,0,TN,0.07460161867351488
18023,0,0,TN,0.2232896314044134
75631,0,0,TN,0.322476614738085
71560,0,0,TN,0.0011089597434251425
16370,0,1,FP,0.36264920084584296
24308,0,0,TN,0.3196737709075644
57086,0,1,FP,0.4387849217826749
95164,0,0,TN,0.07890149260540003
57632,0,0,TN,0.06652271140349493
46390,0,0,TN,0.09693284220037364
10532,0,0,TN,0.07648694752312724
98217,0,1,FP,0.45591743544699154
50731,0,0,TN,0.1524880551777409
12367,0,0,TN,0.3460369711891964
23168,0,0,TN,0.3054799995311434
8914,0,0,TN,0.07690302181720617
74896,0,0,TN,0.12263063323971442
71098,0,1,FP,0.5040103073875952
95014,0,0,TN,0.07463583724590739
97154,0,0,TN,0.07192033878719764
59827,0,0,TN,0.0846682055089477
45791,0,0,TN,0.11615655221036661
60527,0,0,TN,0.1221249326173649
61385,0,0,TN,0.06645996812531729
58260,0,1,FP,0.4950411606396366
34509,0,0,TN,0.34036545152778785
38120,0,0,TN,0.06417361020838201
90276,0,0,TN,0.1275890817321113
95413,0,1,FP,0.4584614140954489
71298,0,0,TN,0.174590445971006
57410,0,0,TN,0.06814496117463494
91805,0,0,TN,0.17332389630025455
81379,0,0,TN,0.052905475547038734
85104,0,0,TN,0.056463807738797375
85943,0,0,TN,0.252710336214626
96370,0,0,TN,0.04983245435693732
19034,0,1,FP,0.37571851732650763
51409,0,0,TN,0.14173187752760427
7168,0,0,TN,0.06755901055005285
37941,0,1,FP,0.8265182869694189
39851,0,0,TN,0.01558496541808461
31987,0,0,TN,0.02350666109540654
29876,0,0,TN,0.051939094765738894
94861,0,1,FP,0.3783416290319412
29073,0,0,TN,0.09538730955184052
27908,0,0,TN,0.1295156460477376
56302,0,0,TN,0.2324175640721616
32709,0,0,TN,0.06750723303667786
14068,0,0,TN,0.22628750043381293
65347,0,0,TN,0.22516695707307702
27639,0,0,TN,0.13943850339857378
7214,0,0,TN,0.21276285244435
12934,0,0,TN,0.28155686824923776
61924,0,0,TN,0.05410832515766996
73689,0,0,TN,0.2542996111700437
37690,0,1,FP,0.5549300075710754
65401,0,0,TN,0.07674166299894432
40165,0,0,TN,0.2755365299366285
5296,0,1,FP,0.7577225131908499
6148,0,0,TN,0.2592800113007634
89216,0,1,FP,0.4965875006922231
19873,0,0,TN,0.3201632893033934
36129,0,1,FP,0.397129706409715
75048,0,0,TN,0.27671575485777206
23658,0,0,TN,0.0962946993629437
17529,0,0,TN,0.10711407282829113
14365,0,1,FP,0.41273949068289045
36170,0,0,TN,0.17802855991073024
12845,0,0,TN,0.33669810716495213
37648,0,0,TN,0.0746059932705009
80631,0,0,TN,0.05104338519931917
51308,0,1,FP,0.5580498379548681
42038,0,0,TN,0.038643062105916504
90362,0,0,TN,0.34093960871670426
84720,0,0,TN,0.026695136252521182
36195,0,1,FP,0.7307285134720698
57340,0,0,TN,0.18966365138268
16430,0,1,FP,0.7924549909544677
84270,0,0,TN,0.18692615913987204
10794,0,0,TN,0.1762696432373832
56309,0,0,TN,0.03222253820983088
39758,0,1,FP,0.40283203848657945
58297,0,0,TN,0.34595911213892694
37056,0,1,FP,0.40804145066112535
95068,0,0,TN,0.11062815651925438
5983,0,0,TN,0.2692374858064572
89647,0,0,TN,0.19735413201665775
40198,0,0,TN,0.31305149995338405
4785,0,0,TN,0.2944803207688053
46738,0,0,TN,0.18398421144960647
59268,0,0,TN,0.2822545607833765
89435,0,1,FP,0.40195982554171295
79805,0,0,TN,0.20035756932197063
81605,0,1,FP,0.9441611405900682
60852,0,0,TN,0.12913629801388965
39074,0,0,TN,0.06553376252319928
87654,0,0,TN,0.08096637038055067
89317,0,0,TN,0.12639459588828164
8361,0,0,TN,0.1956602404104472
57146,0,1,FP,0.5484234358331987
82453,0,0,TN,0.10940882240283563
52786,0,1,FP,0.41585118475797245
17298,0,0,TN,0.02864687566623853
39672,0,1,FP,0.5084160062082533
20846,0,0,TN,0.10250566366496817
9643,0,0,TN,0.32203605452843304
62784,0,0,TN,0.07964913422024386
84752,0,0,TN,0.19845598784264204
60123,0,0,TN,0.17883459227260864
26785,0,0,TN,0.13669131368690549
19306,0,0,TN,0.09076365701933707
81205,0,1,FP,0.5727282962853202
3196,0,1,FP,0.6435975716135253
21349,0,0,TN,0.12277266181135875
97246,0,0,TN,0.33290274441093015
42305,0,0,TN,0.12338078288613419
79504,0,0,TN,0.2278726680585066
1397,0,0,TN,0.18822590471945314
2578,0,0,TN,0.12579728952335245
30127,0,0,TN,0.1271439524574944
34685,0,0,TN,0.18960011115942974
98274,0,0,TN,0.19870268112942188
97528,0,1,FP,0.3768773793631035
67532,0,0,TN,0.1498998852359897
18965,0,0,TN,0.10191105200013591
65281,0,1,FP,0.47799265452248374
42059,0,1,FP,0.6933380076209976
62907,0,0,TN,0.2064468524040394
1358,0,1,FP,0.6624352621432956
53462,0,0,TN,0.07900306832049336
79340,0,1,FP,0.5846622873897034
71439,0,1,FP,0.4424501361644619
36589,0,0,TN,0.07319928822032365
52806,0,0,TN,0.09440172865682013
15927,0,0,TN,0.182723256340267
71805,0,0,TN,0.14397458050978817
72980,0,0,TN,0.10548052442431685
72491,0,0,TN,0.0010730436700165044
93105,0,0,TN,0.07878771574041858
4853,0,0,TN,0.17980324861391703
37962,0,0,TN,0.21220098165791557
63974,0,0,TN,0.09002031487375668
92147,0,1,FP,0.4472821326781223
58601,0,1,FP,0.4762155422263479
42068,0,0,TN,0.20415209184313748
4728,0,0,TN,0.1958432261966242
13978,0,0,TN,0.1889607233998122
39710,0,0,TN,0.26933974052189924
32091,0,0,TN,0.10442419205405387
8539,0,1,FP,0.7107236426477405
56038,0,1,FP,0.4073628649767667
59873,0,0,TN,0.10257911155443217
41928,0,0,TN,0.2689709104986529
72409,0,0,TN,0.19400236313035144
74105,0,0,TN,0.03570944077890181
54368,0,1,FP,0.8590424766698036
26138,0,0,TN,0.009966846774483212
90326,0,1,FP,0.38818117754836146
4269,0,1,FP,0.6791311223343669
68923,0,0,TN,0.1504798706512758
29465,0,0,TN,0.08804910924193589
45621,0,0,TN,0.3442214423658371
93015,0,1,FP,0.37099703124656835
75912,0,0,TN,0.10107392851356711
90713,0,0,TN,0.31413551380240917
73254,0,0,TN,0.18496686545344998
23789,0,0,TN,0.34126578846838784
97146,0,1,FP,0.5200959735381461
10789,0,1,FP,0.5906672741074045
59870,0,0,TN,0.1452282316509592
34267,0,1,FP,0.3582774996190402
24837,0,0,TN,0.0855573222361931
9537,0,0,TN,0.13870710191309846
58407,0,0,TN,0.0976664950270942
52084,0,0,TN,0.005013638103726616
18702,0,1,FP,0.4146717240583608
57941,0,1,FP,0.6647361117102304
1893,0,1,FP,0.5351434917408063
83709,0,0,TN,0.11413458784614555
73054,0,0,TN,0.18611459740797978
62598,0,1,FP,0.5498878874751487
34065,0,0,TN,0.2854070080914669
24163,0,0,TN,0.030011552121421044
80275,0,0,TN,0.049887884976258914
26013,0,1,FP,0.39285431664527964
91048,0,0,TN,0.3006211609821808
92517,0,1,FP,0.5925779832783584
78542,0,0,TN,0.3273568857873848
71693,0,0,TN,0.05695081580963869
79641,0,0,TN,0.1307765924748333
4398,0,0,TN,0.051552625991166494
49582,0,0,TN,0.3210340749368181
39274,0,0,TN,0.09657146245096465
9528,0,0,TN,0.07648286467355271
42960,0,0,TN,0.06869776142381422
49567,0,0,TN,0.0686083259310071
67281,0,1,FP,0.7377763525960429
71548,0,0,TN,0.13131431424362916
90185,0,0,TN,0.11933274778526491
10784,0,0,TN,0.06114524115756497
16375,0,0,TN,0.0746193716089235
8726,0,1,FP,0.5671690710510829
31420,0,1,FP,0.7338551780569664
51934,0,0,TN,0.2715293527132334
29364,0,0,TN,0.07240521576873883
6278,0,0,TN,0.06881724602655352
92816,0,0,TN,0.05290377364247581
83649,0,0,TN,0.31581436651449174
84307,0,0,TN,0.1483402342319768
25130,0,0,TN,0.0697286502863648
83106,0,0,TN,0.12037718627194766
46508,0,0,TN,0.08534126459102301
1926,0,1,FP,0.6800305329313084
85406,0,1,FP,0.4083023139253751
80654,0,1,FP,0.6072315147162732
13208,0,0,TN,0.06689961814843426
15928,0,0,TN,0.12112815890476394
86430,0,0,TN,0.14879908693879296
85061,0,0,TN,0.23126996776654543
34527,0,0,TN,0.06383719819212345
27491,0,0,TN,0.07305252474061101
14907,0,0,TN,0.2923046280536584
2957,0,0,TN,0.12131147330305042
41768,0,0,TN,0.30576955511154374
37469,0,1,FP,0.3564882775559018
50714,0,0,TN,0.3314629191245781
14673,0,0,TN,0.17368228999374888
18075,0,0,TN,0.26711950798930406
97063,0,0,TN,0.20259896027185062
82360,0,0,TN,0.07326129793330022
17382,0,0,TN,0.17363072195162008
49031,0,1,FP,0.4112287872196629
51346,0,0,TN,0.13111529521298876
25138,0,0,TN,0.052070122878981766
71856,0,0,TN,0.11618987461321004
54176,0,0,TN,0.19069264827041466
43058,0,1,FP,0.42315462319468483
25839,0,0,TN,0.1950150671159846
29345,0,0,TN,0.13310373492234798
68304,0,1,FP,0.671850535256967
96174,0,0,TN,0.3155030365703835
54209,0,0,TN,0.13489149901199668
50691,0,0,TN,0.10822604247390843
62584,0,0,TN,0.17043064716782602
92810,0,1,FP,0.43134798245324835
39871,0,0,TN,0.0979447049292115
70198,0,0,TN,0.1520526391037011
93106,0,0,TN,0.09190835509194639
10387,0,0,TN,0.1267354822994716
42875,0,0,TN,0.07936869687053179
60821,0,0,TN,0.2448644559552998
49638,0,0,TN,0.07630406480802492
73489,0,0,TN,0.09176005156699672
43021,0,0,TN,0.07999671484556001
59762,0,0,TN,0.1519734452348027
39284,0,0,TN,0.11072284058799466
28394,0,0,TN,0.1287741921393162
10542,0,0,TN,0.308446073265991
7642,0,0,TN,0.04743384517263725
93754,0,0,TN,0.19756368704333097
92346,0,0,TN,0.040586029231860374
58936,0,0,TN,0.05084117690230894
87945,0,0,TN,0.09324914928813238
31526,0,1,FP,0.36893709101986705
37916,0,0,TN,0.023618694125220146
71352,0,0,TN,0.12482773688258532
2164,0,0,TN,0.06851627079066992
3587,0,0,TN,0.04902720676682854
47839,0,0,TN,0.14642128875302007
34281,0,0,TN,0.049168754729827666
